province,area,buah,daging,ikan,rokok,sayur,telur_susu,gizi_total,rokok_pct_of_gizi,rokok_minus_sayur,rokok_vs_sayur_ratio,gizi_deficit_index,rokok_rank,calorie_per_capita,protein_per_capita,poverty_rate,gini,internet_pct,mobile_pct,computer_pct,digital_index_pct,population_thousands,smoking_10_18_daily_pct,smoking_10plus_daily_pct,smoking_indoor_pct,passive_smoke_daily_pct,mdd_6_23_pct,mmf_6_23_pct,mad_6_23_pct,animal_protein_6_23_pct,stunting_0_59_total_pct,underweight_0_59_total_pct,wasting_0_59_total_pct,stunting_knowledge_correct_pct,stunting_knowledge_weight_not_gain_pct,stunting_knowledge_failed_growth_pct,stunting_knowledge_stunted_pct,stunting_knowledge_chronic_malnutrition_pct,smoking_10_18_current_pct,smoking_10_18_never_pct,smoking_10plus_current_pct,smoking_10plus_never_pct,cigarettes_per_day,cigarettes_per_week_occasional,cigarette_pack_price_rupiah,smoking_start_10_14_pct,smoking_start_15_19_pct,fish_daily_pct,fish_weekly_pct,fish_rare_pct,egg_daily_pct,egg_weekly_pct,egg_rare_pct,milk_daily_pct,milk_weekly_pct,milk_rare_pct,vulnerability_score,policy_priority_score,ski_health_context_score
Aceh,rural,30918.0,19112.0,,101026.0,59411.0,22740.0,132181.0,76.43004667841822,41615.0,1.7004595108649914,-0.30838596004988816,19,1989.55,60.64,12.64,0.294,88.95,94.26,15.49,66.23333333333333,5554.8,2.7,20.0,83.1,23.1,66.3,52.5,39.5,80.8,29.4,22.6,13.6,78.7,68.8,66.0,50.9,46.4,5.9,94.0,25.2,73.4,14.44,11.11,22397.0,13.3,64.6,37.8,52.9,9.3,23.0,69.7,7.3,6.3,32.6,61.1,46.10607788915885,42.73699582735101,49.351184681560554
Aceh,total,33975.0,21829.0,,97708.0,60754.0,26592.0,143150.0,68.25567586447782,36954.0,1.6082562465022878,-0.4650796250051173,17,1989.55,60.64,12.64,0.294,88.95,94.26,15.49,66.23333333333333,5554.8,2.7,20.0,83.1,23.1,66.3,52.5,39.5,80.8,29.4,22.6,13.6,78.7,68.8,66.0,50.9,46.4,5.9,94.0,25.2,73.4,14.44,11.11,22397.0,13.3,64.6,37.8,52.9,9.3,23.0,69.7,7.3,6.3,32.6,61.1,43.16031378336815,40.9695373638766,49.351184681560554
Aceh,urban,39621.0,26847.0,,91580.0,63233.0,33705.0,163406.0,56.04445369203089,28347.0,1.4482944032388152,-0.7842978816335444,15,1989.55,60.64,12.64,0.294,88.95,94.26,15.49,66.23333333333333,5554.8,2.7,20.0,83.1,23.1,66.3,52.5,39.5,80.8,29.4,22.6,13.6,78.7,68.8,66.0,50.9,46.4,5.9,94.0,25.2,73.4,14.44,11.11,22397.0,13.3,64.6,37.8,52.9,9.3,23.0,69.7,7.3,6.3,32.6,61.1,38.75980629695898,38.329232872031085,49.351184681560554
Bali,rural,51581.0,79401.0,,61581.0,60286.0,27573.0,218841.0,28.139608208699467,1295.0,1.0214809408486216,-2.5537097481366007,36,2295.02,67.22,3.8,0.348,92.16,95.54,26.63,71.44333333333333,4433.3,2.2,16.0,59.2,15.6,57.0,78.6,45.9,83.5,7.2,5.6,3.6,76.7,59.0,61.0,54.5,50.5,3.9,95.8,19.7,78.0,11.84,7.82,21820.0,9.4,58.2,8.3,69.1,22.7,13.3,80.7,6.0,6.1,26.1,67.8,13.593610009430584,19.892810081657892,37.09581920598827
Bali,total,49214.0,71217.0,,65609.0,61777.0,37414.0,219622.0,29.87360100536376,3832.0,1.062029557926089,-2.3474370894237073,37,2295.02,67.22,3.8,0.348,92.16,95.54,26.63,71.44333333333333,4433.3,2.2,16.0,59.2,15.6,57.0,78.6,45.9,83.5,7.2,5.6,3.6,76.7,59.0,61.0,54.5,50.5,3.9,95.8,19.7,78.0,11.84,7.82,21820.0,9.4,58.2,8.3,69.1,22.7,13.3,80.7,6.0,6.1,26.1,67.8,14.218481801569293,20.267733156941116,37.09581920598827
Bali,urban,48332.0,68164.0,,67112.0,62334.0,41085.0,219915.0,30.51724529932019,4778.0,1.076651586614047,-2.276835737275003,36,2295.02,67.22,3.8,0.348,92.16,95.54,26.63,71.44333333333333,4433.3,2.2,16.0,59.2,15.6,57.0,78.6,45.9,83.5,7.2,5.6,3.6,76.7,59.0,61.0,54.5,50.5,3.9,95.8,19.7,78.0,11.84,7.82,21820.0,9.4,58.2,8.3,69.1,22.7,13.3,80.7,6.0,6.1,26.1,67.8,14.450429226171124,20.406901611702214,37.09581920598827
Banten,rural,42684.0,23978.0,,140283.0,50989.0,23197.0,140848.0,99.59885834374646,89294.0,2.75124046362941,-0.004027572834912284,2,2184.28,66.03,5.7,0.359,93.02,93.86,20.89,69.25666666666666,12431.4,5.6,24.4,78.0,32.3,60.8,61.3,39.0,76.9,23.9,17.7,10.2,70.4,51.1,55.3,42.1,44.5,9.7,88.9,29.4,67.7,12.46,8.76,20656.0,15.8,59.0,11.2,73.7,15.1,23.8,68.8,7.4,9.7,10.6,36.2,42.355622208176314,40.46438703009618,41.01068472695447
Banten,total,46992.0,42277.0,,115022.0,64640.0,42347.0,196256.0,58.60814446437307,50382.0,1.779424504950495,-0.7062475004781694,6,2184.28,66.03,5.7,0.359,93.02,93.86,20.89,69.25666666666666,12431.4,5.6,24.4,78.0,32.3,60.8,61.3,39.0,76.9,23.9,17.7,10.2,70.4,51.1,55.3,42.1,44.5,9.7,88.9,29.4,67.7,12.46,8.76,20656.0,15.8,59.0,11.2,73.7,15.1,23.8,68.8,7.4,9.7,10.6,36.2,27.583968662600505,31.60139490275069,41.01068472695447
Banten,urban,48083.0,46913.0,,108623.0,68098.0,47197.0,210291.0,51.653660879448005,40525.0,1.595098240770654,-0.935971203152187,5,2184.28,66.03,5.7,0.359,93.02,93.86,20.89,69.25666666666666,12431.4,5.6,24.4,78.0,32.3,60.8,61.3,39.0,76.9,23.9,17.7,10.2,70.4,51.1,55.3,42.1,44.5,9.7,88.9,29.4,67.7,12.46,8.76,20656.0,15.8,59.0,11.2,73.7,15.1,23.8,68.8,7.4,9.7,10.6,36.2,25.077810257864826,30.097699859909284,41.01068472695447
Bengkulu,rural,39565.0,28285.0,,122831.0,84576.0,27282.0,179708.0,68.35032385870412,38255.0,1.4523150775633749,-0.4630508584966336,8,2032.04,60.58,12.52,0.343,90.62,94.92,19.79,68.44333333333334,2112.2,4.3,23.5,86.0,30.9,71.6,56.7,46.3,84.5,20.2,10.8,7.2,77.0,65.6,69.9,45.3,52.0,6.8,93.2,27.9,71.0,14.19,12.63,19255.0,19.4,62.7,7.8,78.9,13.3,9.8,81.8,8.4,7.9,30.8,61.3,43.1043336597095,43.352150071882846,60.652480487304096
Bengkulu,total,43581.0,31865.0,,114951.0,83413.0,32121.0,190980.0,60.19007225887527,31538.0,1.378094541618213,-0.6614035545580291,8,2032.04,60.58,12.52,0.343,90.62,94.92,19.79,68.44333333333334,2112.2,4.3,23.5,86.0,30.9,71.6,56.7,46.3,84.5,20.2,10.8,7.2,77.0,65.6,69.9,45.3,52.0,6.8,93.2,27.9,71.0,14.19,12.63,19255.0,19.4,62.7,7.8,78.9,13.3,9.8,81.8,8.4,7.9,30.8,61.3,40.16365763654664,41.58774445798513,60.652480487304096
Bengkulu,urban,51504.0,38927.0,,99405.0,81117.0,41667.0,213215.0,46.62195436531201,18288.0,1.225452124708754,-1.1449122277551431,10,2032.04,60.58,12.52,0.343,90.62,94.92,19.79,68.44333333333334,2112.2,4.3,23.5,86.0,30.9,71.6,56.7,46.3,84.5,20.2,10.8,7.2,77.0,65.6,69.9,45.3,52.0,6.8,93.2,27.9,71.0,14.19,12.63,19255.0,19.4,62.7,7.8,78.9,13.3,9.8,81.8,8.4,7.9,30.8,61.3,35.27417126704728,38.65405263628551,60.652480487304096
Gorontalo,rural,30269.0,13809.0,,84187.0,45609.0,22415.0,112102.0,75.09857094431857,38578.0,1.845841829463483,-0.33158326107356245,30,1938.17,58.12,13.87,0.413,90.17,94.98,17.23,67.46,1227.8,3.3,22.3,91.9,37.4,46.0,55.7,27.2,70.6,26.8,22.0,,72.7,50.7,56.0,53.0,52.7,6.0,93.0,28.0,70.3,13.11,10.46,23889.0,20.3,59.5,59.7,33.2,7.1,10.9,73.3,15.8,5.3,31.2,63.5,49.203670409056485,45.99671533583727,58.888495570705146
Gorontalo,total,33568.0,14554.0,,85726.0,47917.0,26648.0,122687.0,69.873743754432,37809.0,1.7890519022476365,-0.4311527424585307,26,1938.17,58.12,13.87,0.413,90.17,94.98,17.23,67.46,1227.8,3.3,22.3,91.9,37.4,46.0,55.7,27.2,70.6,26.8,22.0,,72.7,50.7,56.0,53.0,52.7,6.0,93.0,28.0,70.3,13.11,10.46,23889.0,20.3,59.5,59.7,33.2,7.1,10.9,73.3,15.8,5.3,31.2,63.5,47.3208211053915,44.86700575363828,58.888495570705146
Gorontalo,urban,37497.0,15441.0,,87561.0,50668.0,31692.0,135298.0,64.71714289937766,36893.0,1.728132154416989,-0.5451856420095704,21,1938.17,58.12,13.87,0.413,90.17,94.98,17.23,67.46,1227.8,3.3,22.3,91.9,37.4,46.0,55.7,27.2,70.6,26.8,22.0,,72.7,50.7,56.0,53.0,52.7,6.0,93.0,28.0,70.3,13.11,10.46,23889.0,20.3,59.5,59.7,33.2,7.1,10.9,73.3,15.8,5.3,31.2,63.5,45.46255824303105,43.75204803622201,58.888495570705146
Jakarta Raya,total,60669.0,73054.0,,87132.0,77147.0,62990.0,273860.0,31.816256481413863,9985.0,1.1294282344096336,-2.143047330487077,25,2073.28,68.15,4.14,0.431,98.18,98.49,39.33,78.66666666666667,10684.9,2.4,19.1,54.2,21.4,71.3,69.1,54.2,84.4,17.6,14.6,10.1,66.6,49.6,49.8,42.2,47.6,5.3,93.6,24.1,71.2,11.53,8.51,22229.0,18.6,55.6,7.2,70.7,22.0,30.5,65.5,4.0,15.3,34.3,50.3,14.702401381644695,22.551737272821907,37.678472315296204
Jakarta Raya,urban,60669.0,73054.0,,87132.0,77147.0,62990.0,273860.0,31.816256481413863,9985.0,1.1294282344096336,-2.143047330487077,23,2073.28,68.15,4.14,0.431,98.18,98.49,39.33,78.66666666666667,10684.9,2.4,19.1,54.2,21.4,71.3,69.1,54.2,84.4,17.6,14.6,10.1,66.6,49.6,49.8,42.2,47.6,5.3,93.6,24.1,71.2,11.53,8.51,22229.0,18.6,55.6,7.2,70.7,22.0,30.5,65.5,4.0,15.3,34.3,50.3,14.702401381644695,22.551737272821907,37.678472315296204
Jambi,rural,57570.0,32742.0,,123593.0,86544.0,29382.0,206238.0,59.92736547096074,37049.0,1.4280943797374746,-0.6686867379220506,7,2011.88,58.73,7.26,0.315,90.59,95.61,17.6,67.93333333333332,3724.3,1.7,16.8,86.8,21.2,67.0,41.0,30.0,82.2,13.5,8.9,6.6,82.9,74.7,69.9,59.7,55.3,3.2,96.7,21.0,77.8,15.29,12.83,22543.0,15.9,61.7,6.9,72.7,20.4,10.8,79.9,9.2,6.5,39.0,54.5,35.5307864107704,33.2134132222795,40.66948078115562
Jambi,total,56798.0,34690.0,,114981.0,83946.0,34063.0,209497.0,54.88431815252724,31035.0,1.3697019512543778,-0.8220140718901384,7,2011.88,58.73,7.26,0.315,90.59,95.61,17.6,67.93333333333332,3724.3,1.7,16.8,86.8,21.2,67.0,41.0,30.0,82.2,13.5,8.9,6.6,82.9,74.7,69.9,59.7,55.3,3.2,96.7,21.0,77.8,15.29,12.83,22543.0,15.9,61.7,6.9,72.7,20.4,10.8,79.9,9.2,6.5,39.0,54.5,33.71344436542168,32.12300799507027,40.66948078115562
Jambi,urban,55254.0,38583.0,,97765.0,78751.0,43423.0,216011.0,45.259269203883136,19014.0,1.2414445530850402,-1.2094921495422697,11,2011.88,58.73,7.26,0.315,90.59,95.61,17.6,67.93333333333332,3724.3,1.7,16.8,86.8,21.2,67.0,41.0,30.0,82.2,13.5,8.9,6.6,82.9,74.7,69.9,59.7,55.3,3.2,96.7,21.0,77.8,15.29,12.83,22543.0,15.9,61.7,6.9,72.7,20.4,10.8,79.9,9.2,6.5,39.0,54.5,30.24490539713297,30.041884614097043,40.66948078115562
Jawa Barat,rural,38777.0,30865.0,,123782.0,48234.0,29246.0,147122.0,84.13561533965009,75548.0,2.5662810465646637,-0.18855730235413873,6,2069.91,62.26,7.08,0.428,90.58,92.4,18.6,67.19333333333334,50345.2,7.3,27.0,75.1,36.4,61.3,67.9,43.4,78.7,21.7,14.7,6.3,67.7,41.7,52.0,36.5,42.4,11.1,87.6,32.0,63.9,10.97,6.91,19949.0,20.0,53.8,7.9,61.9,30.1,32.8,60.9,6.2,12.9,30.6,56.5,41.142250795865635,54.44415883251638,55.37727958360274
Jawa Barat,total,42645.0,41813.0,,109664.0,53640.0,40658.0,178756.0,61.348430262480704,56024.0,2.0444444444444443,-0.6300335570469798,10,2069.91,62.26,7.08,0.428,90.58,92.4,18.6,67.19333333333334,50345.2,7.3,27.0,75.1,36.4,61.3,67.9,43.4,78.7,21.7,14.7,6.3,67.7,41.7,52.0,36.5,42.4,11.1,87.6,32.0,63.9,10.97,6.91,19949.0,20.0,53.8,7.9,61.9,30.1,32.8,60.9,6.2,12.9,30.6,56.5,32.93052742287404,49.51712480872142,55.37727958360274
Jawa Barat,urban,43600.0,44519.0,,106174.0,54976.0,43479.0,186574.0,56.90717892096434,51198.0,1.9312791036088475,-0.7572475370618043,9,2069.91,62.26,7.08,0.428,90.58,92.4,18.6,67.19333333333334,50345.2,7.3,27.0,75.1,36.4,61.3,67.9,43.4,78.7,21.7,14.7,6.3,67.7,41.7,52.0,36.5,42.4,11.1,87.6,32.0,63.9,10.97,6.91,19949.0,20.0,53.8,7.9,61.9,30.1,32.8,60.9,6.2,12.9,30.6,56.5,31.330052097687872,48.55683961360971,55.37727958360274
Jawa Tengah,rural,29549.0,24466.0,,84327.0,50538.0,27848.0,132401.0,63.69060656641567,33789.0,1.6685860144841504,-0.5700902439313624,28,1993.03,59.23,9.58,0.364,88.89,90.56,14.82,64.75666666666666,37892.3,5.9,23.6,83.2,33.0,67.1,68.5,47.4,79.3,20.7,14.4,7.1,66.8,48.2,49.1,40.3,44.6,9.6,89.1,28.4,68.6,10.64,8.06,18531.0,20.9,54.4,7.0,61.7,31.3,18.0,72.5,9.5,9.4,23.1,67.5,39.146039252597056,50.7667667784708,59.81176237230507
Jawa Tengah,total,34467.0,27701.0,,81779.0,51295.0,32742.0,146205.0,55.934475565131144,30484.0,1.5942879422945706,-0.7878061605057534,29,1993.03,59.23,9.58,0.364,88.89,90.56,14.82,64.75666666666666,37892.3,5.9,23.6,83.2,33.0,67.1,68.5,47.4,79.3,20.7,14.4,7.1,66.8,48.2,49.1,40.3,44.6,9.6,89.1,28.4,68.6,10.64,8.06,18531.0,20.9,54.4,7.0,61.7,31.3,18.0,72.5,9.5,9.4,23.1,67.5,36.350994493380824,49.08973992294106,59.81176237230507
Jawa Tengah,urban,38755.0,30521.0,,79558.0,51955.0,37008.0,158239.0,50.27711246911317,27603.0,1.5312866904051583,-0.9889765956911939,31,1993.03,59.23,9.58,0.364,88.89,90.56,14.82,64.75666666666666,37892.3,5.9,23.6,83.2,33.0,67.1,68.5,47.4,79.3,20.7,14.4,7.1,66.8,48.2,49.1,40.3,44.6,9.6,89.1,28.4,68.6,10.64,8.06,18531.0,20.9,54.4,7.0,61.7,31.3,18.0,72.5,9.5,9.4,23.1,67.5,34.312274019230806,47.866507638451054,59.81176237230507
Jawa Timur,rural,30540.0,24952.0,,86096.0,50312.0,27797.0,133601.0,64.44263141742951,35784.0,1.7112418508506917,-0.5517677940903177,27,2046.2,60.48,9.56,0.373,86.9,90.32,16.7,64.64,41814.5,5.3,22.8,83.5,31.2,62.2,60.0,39.1,76.9,17.6,13.3,6.8,65.5,46.6,45.6,46.4,48.9,7.9,91.3,27.0,70.4,11.2,9.69,17431.0,17.9,55.9,10.6,62.6,26.8,16.7,72.8,10.6,7.6,20.7,71.7,38.344348471464755,50.065922922218945,55.03803753557759
Jawa Timur,total,36667.0,32591.0,,84472.0,51613.0,36229.0,157100.0,53.769573520050926,32859.0,1.636641931296379,-0.8597878586987404,27,2046.2,60.48,9.56,0.373,86.9,90.32,16.7,64.64,41814.5,5.3,22.8,83.5,31.2,62.2,60.0,39.1,76.9,17.6,13.3,6.8,65.5,46.6,45.6,46.4,48.9,7.9,91.3,27.0,70.4,11.2,9.69,17431.0,17.9,55.9,10.6,62.6,26.8,16.7,72.8,10.6,7.6,20.7,71.7,34.498142865094906,47.75819955839704,55.03803753557759
Jawa Timur,urban,41340.0,38416.0,,83235.0,52605.0,42659.0,175020.0,47.55742200891327,30630.0,1.5822640433418877,-1.1027212110290143,27,2046.2,60.48,9.56,0.373,86.9,90.32,16.7,64.64,41814.5,5.3,22.8,83.5,31.2,62.2,60.0,39.1,76.9,17.6,13.3,6.8,65.5,46.6,45.6,46.4,48.9,7.9,91.3,27.0,70.4,11.2,9.69,17431.0,17.9,55.9,10.6,62.6,26.8,16.7,72.8,10.6,7.6,20.7,71.7,32.259495590856375,46.41501119385392,55.03803753557759
Kalimantan Barat,rural,29269.0,43507.0,,99777.0,54208.0,30939.0,157923.0,63.18079063847571,45569.0,1.8406323789846517,-0.5827595538049851,20,1903.38,58.52,6.25,0.314,92.65,95.14,16.51,68.10000000000001,5695.5,2.8,19.6,92.7,28.1,60.9,57.4,37.6,80.7,24.5,21.1,13.3,73.6,61.9,60.4,51.5,48.6,4.699999999999999,95.2,23.9,74.6,15.16,11.69,21135.0,14.2,60.0,12.2,70.5,17.3,20.0,74.0,6.0,7.7,32.6,59.7,35.715287451773925,35.79381225520632,47.0435500969173
Kalimantan Barat,total,34145.0,47929.0,,93153.0,56215.0,37951.0,176240.0,52.85576486609169,36938.0,1.6570844080761362,-0.8919412149903921,20,1903.38,58.52,6.25,0.314,92.65,95.14,16.51,68.10000000000001,5695.5,2.8,19.6,92.7,28.1,60.9,57.4,37.6,80.7,24.5,21.1,13.3,73.6,61.9,60.4,51.5,48.6,4.699999999999999,95.2,23.9,74.6,15.16,11.69,21135.0,14.2,60.0,12.2,70.5,17.3,20.0,74.0,6.0,7.7,32.6,59.7,31.994500738772924,33.56134022740572,47.0435500969173
Kalimantan Barat,urban,42103.0,55149.0,,82339.0,59491.0,49397.0,206140.0,39.94324245658291,22848.0,1.3840580928207629,-1.5035523870826704,28,1903.38,58.52,6.25,0.314,92.65,95.14,16.51,68.10000000000001,5695.5,2.8,19.6,92.7,28.1,60.9,57.4,37.6,80.7,24.5,21.1,13.3,73.6,61.9,60.4,51.5,48.6,4.699999999999999,95.2,23.9,74.6,15.16,11.69,21135.0,14.2,60.0,12.2,70.5,17.3,20.0,74.0,6.0,7.7,32.6,59.7,27.34126859468168,30.769400940950966,47.0435500969173
Kalimantan Selatan,rural,40187.0,25698.0,,87247.0,47726.0,36199.0,149810.0,58.23843535144516,39521.0,1.8280811297825086,-0.717079097275551,26,2198.3,69.2,4.02,0.298,89.22,92.76,18.51,66.83,4273.4,2.8,16.5,87.5,22.5,58.0,57.0,37.8,76.8,24.7,21.6,12.4,72.5,55.7,53.3,50.7,41.5,4.5,95.0,20.4,77.8,15.0,11.19,19335.0,13.3,58.4,36.5,55.1,8.4,23.0,70.7,6.3,8.3,35.5,56.2,23.415202787377087,25.40083818301423,35.55059435870316
Kalimantan Selatan,total,42352.0,32911.0,,81243.0,46718.0,42910.0,164891.0,49.27073036126896,34525.0,1.7390085192003082,-1.0296025503735706,30,2198.3,69.2,4.02,0.298,89.22,92.76,18.51,66.83,4273.4,2.8,16.5,87.5,22.5,58.0,57.0,37.8,76.8,24.7,21.6,12.4,72.5,55.7,53.3,50.7,41.5,4.5,95.0,20.4,77.8,15.0,11.19,19335.0,13.3,58.4,36.5,55.1,8.4,23.0,70.7,6.3,8.3,35.5,56.2,20.183548134968795,23.461845391569256,35.55059435870316
Kalimantan Selatan,urban,44504.0,40081.0,,75275.0,45716.0,49581.0,179882.0,41.84687739740497,29559.0,1.646578878292064,-1.3896645632680173,32,2198.3,69.2,4.02,0.298,89.22,92.76,18.51,66.83,4273.4,2.8,16.5,87.5,22.5,58.0,57.0,37.8,76.8,24.7,21.6,12.4,72.5,55.7,53.3,50.7,41.5,4.5,95.0,20.4,77.8,15.0,11.19,19335.0,13.3,58.4,36.5,55.1,8.4,23.0,70.7,6.3,8.3,35.5,56.2,17.508245033924794,21.856663530942853,35.55059435870316
Kalimantan Tengah,rural,41409.0,50943.0,,131155.0,71272.0,41450.0,205074.0,63.95496259886675,59883.0,1.8402037265686384,-0.5636003202317869,4,2050.6,61.84,5.26,0.304,92.13,95.97,19.43,69.17666666666666,2809.7,2.5,19.1,90.5,26.8,63.2,53.9,39.0,77.5,23.5,17.7,9.0,75.7,69.9,65.1,49.6,46.7,3.6,96.2,23.4,75.1,15.52,11.22,22024.0,15.5,59.4,18.6,72.2,9.2,17.5,75.8,6.7,6.0,38.8,55.2,32.08655432593592,31.62221932762447,42.12699819876252
Kalimantan Tengah,total,41408.0,51701.0,,116164.0,66600.0,43446.0,203155.0,57.1799857251852,49564.0,1.7442042042042043,-0.7488636754932682,4,2050.6,61.84,5.26,0.304,92.13,95.97,19.43,69.17666666666666,2809.7,2.5,19.1,90.5,26.8,63.2,53.9,39.0,77.5,23.5,17.7,9.0,75.7,69.9,65.1,49.6,46.7,3.6,96.2,23.4,75.1,15.52,11.22,22024.0,15.5,59.4,18.6,72.2,9.2,17.5,75.8,6.7,6.0,38.8,55.2,29.645084010200062,30.157337138182953,42.12699819876252
Kalimantan Tengah,urban,41406.0,52679.0,,96816.0,60570.0,46024.0,200679.0,48.244210903980985,36246.0,1.5984150569588906,-1.0727875557759048,12,2050.6,61.84,5.26,0.304,92.13,95.97,19.43,69.17666666666666,2809.7,2.5,19.1,90.5,26.8,63.2,53.9,39.0,77.5,23.5,17.7,9.0,75.7,69.9,65.1,49.6,46.7,3.6,96.2,23.4,75.1,15.52,11.22,22024.0,15.5,59.4,18.6,72.2,9.2,17.5,75.8,6.7,6.0,38.8,55.2,26.424935900349038,28.22524827227234,42.12699819876252
Kalimantan Timur,rural,51906.0,48739.0,,120486.0,68154.0,39336.0,208135.0,57.888389747039184,52332.0,1.767849282507263,-0.7274621117806218,9,1950.46,64.3,5.51,0.31,95.45,98.44,30.52,74.80333333333333,4045.9,3.3,18.3,78.6,25.1,60.1,62.6,40.8,79.0,22.8,18.1,10.1,73.8,55.5,59.4,49.9,45.8,5.199999999999999,93.9,22.1,74.4,14.27,10.09,23029.0,17.2,53.7,28.6,63.7,7.7,25.1,67.4,7.5,13.4,30.1,56.5,28.329686070443284,28.278279197546333,36.72717997125706
Kalimantan Timur,total,55348.0,50804.0,,99162.0,67107.0,49330.0,222589.0,44.549371262730865,32055.0,1.477669989717913,-1.2447005909521793,15,1950.46,64.3,5.51,0.31,95.45,98.44,30.52,74.80333333333333,4045.9,3.3,18.3,78.6,25.1,60.1,62.6,40.8,79.0,22.8,18.1,10.1,73.8,55.5,59.4,49.9,45.8,5.199999999999999,93.9,22.1,74.4,14.27,10.09,23029.0,17.2,53.7,28.6,63.7,7.7,25.1,67.4,7.5,13.4,30.1,56.5,23.522759304832963,25.39412313818014,36.72717997125706
Kalimantan Timur,urban,56873.0,51719.0,,89716.0,66644.0,53757.0,228993.0,39.17849017218867,23072.0,1.346197707220455,-1.5524209728476526,17,1950.46,64.3,5.51,0.31,95.45,98.44,30.52,74.80333333333333,4045.9,3.3,18.3,78.6,25.1,60.1,62.6,40.8,79.0,22.8,18.1,10.1,73.8,55.5,59.4,49.9,45.8,5.199999999999999,93.9,22.1,74.4,14.27,10.09,23029.0,17.2,53.7,28.6,63.7,7.7,25.1,67.4,7.5,13.4,30.1,56.5,21.587277162769166,24.23283385294186,36.72717997125706
Kalimantan Utara,rural,35589.0,56814.0,,107989.0,73848.0,47209.0,213460.0,50.589806052656236,34141.0,1.4623144838045716,-0.9766828102862328,14,,,5.38,0.259,94.58,97.94,25.05,72.52333333333333,739.8,2.5,16.5,74.3,16.9,52.6,51.6,30.2,73.1,17.4,15.3,8.7,81.3,72.2,69.5,59.0,47.9,4.0,95.6,20.5,78.2,13.13,9.48,24163.0,16.0,57.7,20.2,66.9,12.9,17.2,72.3,10.5,7.7,36.4,56.0,,,33.082797754855406
Kalimantan Utara,total,38744.0,51181.0,,97732.0,67920.0,51307.0,209152.0,46.727738678090574,29812.0,1.4389281507656067,-1.1400564809888265,16,,,5.38,0.259,94.58,97.94,25.05,72.52333333333333,739.8,2.5,16.5,74.3,16.9,52.6,51.6,30.2,73.1,17.4,15.3,8.7,81.3,72.2,69.5,59.0,47.9,4.0,95.6,20.5,78.2,13.13,9.48,24163.0,16.0,57.7,20.2,66.9,12.9,17.2,72.3,10.5,7.7,36.4,56.0,,,33.082797754855406
Kalimantan Utara,urban,40463.0,48112.0,,92145.0,64691.0,53540.0,206806.0,44.55625078576057,27454.0,1.4243866998500565,-1.2443540072711488,14,,,5.38,0.259,94.58,97.94,25.05,72.52333333333333,739.8,2.5,16.5,74.3,16.9,52.6,51.6,30.2,73.1,17.4,15.3,8.7,81.3,72.2,69.5,59.0,47.9,4.0,95.6,20.5,78.2,13.13,9.48,24163.0,16.0,57.7,20.2,66.9,12.9,17.2,72.3,10.5,7.7,36.4,56.0,,,33.082797754855406
Kepulauan Bangka Belitung,rural,55271.0,50289.0,,143122.0,73680.0,44571.0,223811.0,63.94770587683358,69442.0,1.9424809989142238,-0.5637777560403013,1,1992.17,65.69,5.08,0.235,,,,,1531.5,2.9,20.8,87.1,26.3,55.1,54.7,34.0,74.1,20.7,13.4,8.0,78.3,64.2,67.9,54.0,52.3,4.3,95.3,23.9,74.9,16.42,11.68,24114.0,18.0,60.7,26.4,65.6,8.0,16.5,77.6,5.9,7.8,28.1,64.1,29.024661990076243,30.600326392089485,45.085195250812816
Kepulauan Bangka Belitung,total,60010.0,53710.0,,131199.0,80052.0,50998.0,244770.0,53.600931486701796,51147.0,1.6389222005696298,-0.8656392198111266,1,1992.17,65.69,5.08,0.235,,,,,1531.5,2.9,20.8,87.1,26.3,55.1,54.7,34.0,74.1,20.7,13.4,8.0,78.3,64.2,67.9,54.0,52.3,4.3,95.3,23.9,74.9,16.42,11.68,24114.0,18.0,60.7,26.4,65.6,8.0,16.5,77.6,5.9,7.8,28.1,64.1,25.296037817903137,28.363151888785623,45.085195250812816
Kepulauan Bangka Belitung,urban,63396.0,56154.0,,122682.0,84604.0,55590.0,259744.0,47.231889860786005,38078.0,1.4500732825871117,-1.1172136091684193,3,1992.17,65.69,5.08,0.235,,,,,1531.5,2.9,20.8,87.1,26.3,55.1,54.7,34.0,74.1,20.7,13.4,8.0,78.3,64.2,67.9,54.0,52.3,4.3,95.3,23.9,74.9,16.42,11.68,24114.0,18.0,60.7,26.4,65.6,8.0,16.5,77.6,5.9,7.8,28.1,64.1,23.000852703727297,26.98604082028012,45.085195250812816
Kepulauan Riau,rural,26290.0,29382.0,,104706.0,64382.0,42685.0,162739.0,64.3398324925187,40324.0,1.6263241278618248,-0.5542471300594044,16,2050.02,67.05,4.78,0.357,,,,,2183.3,1.6,20.2,71.3,21.8,53.2,64.9,36.9,85.4,16.8,12.6,6.3,74.9,58.9,55.9,52.7,40.0,3.3,95.3,23.6,74.5,14.68,11.83,18813.0,16.1,57.8,16.9,75.2,7.8,19.0,74.6,6.4,10.0,29.7,60.2,27.889267850388862,28.52957333601389,39.511394086601896
Kepulauan Riau,total,49645.0,61993.0,,89194.0,80478.0,57539.0,249655.0,35.72690312631431,8716.0,1.1083028902308705,-1.7990111442473709,23,2050.02,67.05,4.78,0.357,,,,,2183.3,1.6,20.2,71.3,21.8,53.2,64.9,36.9,85.4,16.8,12.6,6.3,74.9,58.9,55.9,52.7,40.0,3.3,95.3,23.6,74.5,14.68,11.83,18813.0,16.1,57.8,16.9,75.2,7.8,19.0,74.6,6.4,10.0,29.7,60.2,17.57814517110596,22.34289972844415,39.511394086601896
Kepulauan Riau,urban,52288.0,65683.0,,87439.0,82299.0,59220.0,259490.0,33.69648155998304,5140.0,1.062455193866268,-1.9676688891684488,22,2050.02,67.05,4.78,0.357,,,,,2183.3,1.6,20.2,71.3,21.8,53.2,64.9,36.9,85.4,16.8,12.6,6.3,74.9,58.9,55.9,52.7,40.0,3.3,95.3,23.6,74.5,14.68,11.83,18813.0,16.1,57.8,16.9,75.2,7.8,19.0,74.6,6.4,10.0,29.7,60.2,16.846450572725143,21.903882969415662,39.511394086601896
Lampung,rural,33950.0,22717.0,,101690.0,65845.0,29029.0,151541.0,67.10395206577758,35845.0,1.5443845394487052,-0.49022519421772054,18,2005.8,57.99,10.62,0.301,91.57,95.44,10.89,65.96666666666665,9419.6,4.2,25.3,91.6,37.4,63.3,56.0,36.3,80.2,14.9,12.2,7.3,71.4,60.0,59.3,46.2,44.1,6.6,93.3,29.2,68.9,12.33,9.53,18222.0,14.7,62.1,7.5,70.2,22.2,15.2,76.5,8.3,6.7,26.8,66.5,42.66838907105658,43.73610760185525,56.54640754732968
Lampung,total,38731.0,24737.0,,99473.0,67212.0,32185.0,162865.0,61.0769655849937,32261.0,1.4799886924953878,-0.6372784574708715,14,2005.8,57.99,10.62,0.301,91.57,95.44,10.89,65.96666666666665,9419.6,4.2,25.3,91.6,37.4,63.3,56.0,36.3,80.2,14.9,12.2,7.3,71.4,60.0,59.3,46.2,44.1,6.6,93.3,29.2,68.9,12.33,9.53,18222.0,14.7,62.1,7.5,70.2,22.2,15.2,76.5,8.3,6.7,26.8,66.5,40.49646895080691,42.43295552970545,56.54640754732968
Lampung,urban,48071.0,28682.0,,95142.0,69882.0,38352.0,184987.0,51.43172222912962,25260.0,1.361466472052889,-0.9443253242521704,13,2005.8,57.99,10.62,0.301,91.57,95.44,10.89,65.96666666666665,9419.6,4.2,25.3,91.6,37.4,63.3,56.0,36.3,80.2,14.9,12.2,7.3,71.4,60.0,59.3,46.2,44.1,6.6,93.3,29.2,68.9,12.33,9.53,18222.0,14.7,62.1,7.5,70.2,22.2,15.2,76.5,8.3,6.7,26.8,66.5,37.020652607747664,40.34746572386991,56.54640754732968
Maluku,rural,40013.0,12956.0,,72784.0,56868.0,19972.0,129809.0,56.070072182976524,15916.0,1.2798762045438559,-0.7834826335458343,32,1791.94,52.2,15.78,0.291,87.27,94.44,17.73,66.47999999999999,1945.6,2.3,18.6,88.4,23.5,50.0,49.0,29.7,72.9,28.4,25.1,,71.4,65.2,59.8,41.4,43.6,4.699999999999999,94.6,24.5,73.5,11.21,7.82,27885.0,11.8,62.9,68.1,26.2,5.7,15.0,64.3,20.7,9.6,33.1,57.3,50.43101754194549,42.98348337054099,47.793781228234074
Maluku,total,46383.0,15278.0,,78146.0,60978.0,30253.0,152892.0,51.1118959788609,17168.0,1.281544163468792,-0.9564916950323753,33,1791.94,52.2,15.78,0.291,87.27,94.44,17.73,66.47999999999999,1945.6,2.3,18.6,88.4,23.5,50.0,49.0,29.7,72.9,28.4,25.1,,71.4,65.2,59.8,41.4,43.6,4.699999999999999,94.6,24.5,73.5,11.21,7.82,27885.0,11.8,62.9,68.1,26.2,5.7,15.0,64.3,20.7,9.6,33.1,57.3,48.64426014804781,41.911428934202384,47.793781228234074
Maluku,urban,54670.0,18299.0,,85121.0,66325.0,43629.0,182923.0,46.53378744061709,18796.0,1.283392385978138,-1.1489761633439457,24,1791.94,52.2,15.78,0.291,87.27,94.44,17.73,66.47999999999999,1945.6,2.3,18.6,88.4,23.5,50.0,49.0,29.7,72.9,28.4,25.1,,71.4,65.2,59.8,41.4,43.6,4.699999999999999,94.6,24.5,73.5,11.21,7.82,27885.0,11.8,62.9,68.1,26.2,5.7,15.0,64.3,20.7,9.6,33.1,57.3,46.994466162512715,40.92155254288133,47.793781228234074
Maluku Utara,rural,48597.0,10597.0,,109696.0,66797.0,21929.0,147920.0,74.15900486749595,42899.0,1.642229441441981,-0.3484539089848308,13,1800.54,52.05,6.03,0.296,87.28,94.7,17.02,66.33333333333334,1355.6,1.4,19.0,90.2,,51.4,41.0,26.6,72.5,23.6,20.9,,74.4,71.6,66.5,51.3,54.3,3.5,96.3,25.0,73.8,12.5,8.64,27365.0,10.2,61.4,63.5,29.4,7.1,25.8,59.0,15.2,13.4,38.7,48.0,45.804790270225986,36.557800727428756,35.60930510754809
Maluku Utara,total,55076.0,12671.0,,115857.0,69416.0,24399.0,161562.0,71.71055074831953,46441.0,1.669024432407514,-0.39449493772495403,5,1800.54,52.05,6.03,0.296,87.28,94.7,17.02,66.33333333333334,1355.6,1.4,19.0,90.2,,51.4,41.0,26.6,72.5,23.6,20.9,,74.4,71.6,66.5,51.3,54.3,3.5,96.3,25.0,73.8,12.5,8.64,27365.0,10.2,61.4,63.5,29.4,7.1,25.8,59.0,15.2,13.4,38.7,48.0,44.92245101462908,36.02839717407061,35.60930510754809
Maluku Utara,urban,70864.0,17723.0,,130871.0,75798.0,30417.0,194802.0,67.18154844406115,55073.0,1.72657589910024,-0.4885039466344721,1,1800.54,52.05,6.03,0.296,87.28,94.7,17.02,66.33333333333334,1355.6,1.4,19.0,90.2,,51.4,41.0,26.6,72.5,23.6,20.9,,74.4,71.6,66.5,51.3,54.3,3.5,96.3,25.0,73.8,12.5,8.64,27365.0,10.2,61.4,63.5,29.4,7.1,25.8,59.0,15.2,13.4,38.7,48.0,43.290353238959845,35.04913850866907,35.60930510754809
Nusa Tenggara Barat,rural,41307.0,28935.0,,87852.0,54227.0,23586.0,148055.0,59.33740839552869,33625.0,1.6200785586515942,-0.6852775121795748,24,2419.21,74.45,11.91,0.364,86.54,92.02,11.73,63.43,5646.0,6.5,27.7,79.6,35.9,61.2,63.9,39.9,80.3,24.5,20.8,8.6,67.7,50.1,53.9,39.5,40.4,9.7,89.8,31.3,67.2,11.9,7.02,21847.0,18.8,60.5,21.6,61.0,17.4,16.8,71.4,11.7,5.9,28.9,65.3,29.899500940776658,37.30395218272557,60.45464576539447
Nusa Tenggara Barat,total,49529.0,34807.0,,80526.0,55356.0,28174.0,167866.0,47.97040496586563,25170.0,1.4546932581833947,-1.0846186324913691,32,2419.21,74.45,11.91,0.364,86.54,92.02,11.73,63.43,5646.0,6.5,27.7,79.6,35.9,61.2,63.9,39.9,80.3,24.5,20.8,8.6,67.7,50.1,53.9,39.5,40.4,9.7,89.8,31.3,67.2,11.9,7.02,21847.0,18.8,60.5,21.6,61.0,17.4,16.8,71.4,11.7,5.9,28.9,65.3,25.803221061180636,34.846184254967945,60.45464576539447
Nusa Tenggara Barat,urban,57072.0,40194.0,,73806.0,56392.0,32382.0,186040.0,39.67211352397334,17414.0,1.3088026670449708,-1.5206622767796656,33,2419.21,74.45,11.91,0.364,86.54,92.02,11.73,63.43,5646.0,6.5,27.7,79.6,35.9,61.2,63.9,39.9,80.3,24.5,20.8,8.6,67.7,50.1,53.9,39.5,40.4,9.7,89.8,31.3,67.2,11.9,7.02,21847.0,18.8,60.5,21.6,61.0,17.4,16.8,71.4,11.7,5.9,28.9,65.3,22.812800192674317,33.05193173386415,60.45464576539447
Nusa Tenggara Timur,rural,15558.0,34436.0,,55736.0,48185.0,16076.0,114255.0,48.78211019211413,7551.0,1.1567085192487288,-1.0499318214439501,37,1930.43,55.06,19.02,0.316,82.45,91.36,13.7,62.50333333333333,5656.0,3.6,18.7,92.9,27.5,44.8,51.4,26.0,70.0,37.9,29.7,13.6,64.2,57.2,50.7,41.7,47.2,6.300000000000001,93.3,25.0,73.7,10.99,7.51,18479.0,13.2,55.5,16.9,53.4,29.7,7.2,59.0,33.8,5.2,24.9,69.9,48.57055337429783,51.67758321630591,76.21566062681904
Nusa Tenggara Timur,total,18177.0,36052.0,,56454.0,51525.0,20611.0,126365.0,44.675345230087444,4929.0,1.0956622998544396,-1.2383710631664717,38,1930.43,55.06,19.02,0.316,82.45,91.36,13.7,62.50333333333333,5656.0,3.6,18.7,92.9,27.5,44.8,51.4,26.0,70.0,37.9,29.7,13.6,64.2,57.2,50.7,41.7,47.2,6.300000000000001,93.3,25.0,73.7,10.99,7.51,18479.0,13.2,55.5,16.9,53.4,29.7,7.2,59.0,33.8,5.2,24.9,69.9,47.090615518355925,50.789620502740775,76.21566062681904
Nusa Tenggara Timur,urban,25432.0,40527.0,,58442.0,60777.0,33173.0,159909.0,36.54703612679712,-2335.0,0.9615808611810389,-1.7361999931556074,37,1930.43,55.06,19.02,0.316,82.45,91.36,13.7,62.50333333333333,5656.0,3.6,18.7,92.9,27.5,44.8,51.4,26.0,70.0,37.9,29.7,13.6,64.2,57.2,50.7,41.7,47.2,6.300000000000001,93.3,25.0,73.7,10.99,7.51,18479.0,13.2,55.5,16.9,53.4,29.7,7.2,59.0,33.8,5.2,24.9,69.9,44.16145048018435,49.032121479837826,76.21566062681904
Papua,rural,30565.0,35825.0,,107626.0,71948.0,22828.0,161166.0,66.7795937108323,35678.0,1.4958859176071608,-0.4974634382026648,15,1782.9,54.73,18.09,0.405,81.99,90.32,24.59,65.63333333333334,4542.64,1.3,16.3,,,63.2,52.5,36.1,77.9,33.6,,,81.0,69.5,72.9,58.3,60.0,4.7,94.5,22.700000000000003,75.0,13.55,9.17,29752.0,21.1,53.2,30.2,56.8,13.0,15.1,62.4,22.5,13.4,38.0,48.6,54.30670894904792,45.57937214772718,45.51323101678405
Papua,total,34146.0,40886.0,,95626.0,76542.0,39583.0,191157.0,50.02484868458911,19084.0,1.2493271667842492,-0.9990065463367703,19,1782.9,54.73,18.09,0.405,81.99,90.32,24.59,65.63333333333334,4542.64,1.3,16.3,,,63.2,52.5,36.1,77.9,33.6,,,81.0,69.5,72.9,58.3,60.0,4.7,94.5,22.700000000000003,75.0,13.55,9.17,29752.0,21.1,53.2,30.2,56.8,13.0,15.1,62.4,22.5,13.4,38.0,48.6,48.26887097675869,41.956669364353644,45.51323101678405
Papua,urban,36531.0,44257.0,,87633.0,79601.0,50744.0,211133.0,41.50606489748168,8032.0,1.100903254984234,-1.409286456015428,20,1782.9,54.73,18.09,0.405,81.99,90.32,24.59,65.63333333333334,4542.64,1.3,16.3,,,63.2,52.5,36.1,77.9,33.6,,,81.0,69.5,72.9,58.3,60.0,4.7,94.5,22.700000000000003,75.0,13.55,9.17,29752.0,21.1,53.2,30.2,56.8,13.0,15.1,62.4,22.5,13.4,38.0,48.6,45.19899219633226,40.114742096097785,45.51323101678405
Papua Barat,rural,41579.0,48053.0,,129919.0,83520.0,37438.0,210590.0,61.692862908970035,46399.0,1.5555435823754789,-0.6209330428959583,5,1769.8,51.78,21.09,0.385,85.51,92.52,18.35,65.46,1205.83,2.6,15.6,,,58.6,45.6,28.2,77.6,,,,84.3,72.4,70.9,65.3,61.1,4.5,95.0,22.3,76.7,11.87,9.36,29463.0,12.7,56.3,27.6,56.0,16.4,15.4,64.4,20.2,11.3,34.0,54.7,59.084719478154625,45.28910539483689,39.36573832688517
Papua Barat,total,46206.0,46766.0,,127427.0,84494.0,41194.0,218660.0,58.2763193999817,42933.0,1.508118919686605,-0.7159628650129094,2,1769.8,51.78,21.09,0.385,85.51,92.52,18.35,65.46,1205.83,2.6,15.6,,,58.6,45.6,28.2,77.6,,,,84.3,72.4,70.9,65.3,61.1,4.5,95.0,22.3,76.7,11.87,9.36,29463.0,12.7,56.3,27.6,56.0,16.4,15.4,64.4,20.2,11.3,34.0,54.7,57.85351386444715,44.5503820266124,39.36573832688517
Papua Barat,urban,56580.0,43878.0,,121840.0,86680.0,49616.0,236754.0,51.462699679836454,35160.0,1.405629903091832,-0.9431549573210768,4,1769.8,51.78,21.09,0.385,85.51,92.52,18.35,65.46,1205.83,2.6,15.6,,,58.6,45.6,28.2,77.6,,,,84.3,72.4,70.9,65.3,61.1,4.5,95.0,22.3,76.7,11.87,9.36,29463.0,12.7,56.3,27.6,56.0,16.4,15.4,64.4,20.2,11.3,34.0,54.7,55.39811798640817,43.07714449978901,39.36573832688517
Papua Barat Daya,rural,40584.0,43203.0,97262.0,119855.0,77568.0,31804.0,290421.0,41.269398562776104,42287.0,1.5451603754125414,-1.4231029160235285,10,1890.36,57.83,16.95,0.347,88.49,93.64,19.63,67.25333333333333,,2.7,18.2,,,,,,,,,,63.4,63.0,54.1,38.2,50.1,4.6,95.3,24.299999999999997,74.6,11.92,6.88,26222.0,17.8,54.8,44.7,44.9,10.4,17.8,59.4,22.8,12.5,29.6,57.9,40.84538063629146,,42.103818027932064
Papua Barat Daya,total,37616.0,37015.0,9747.0,101874.0,81843.0,41498.0,207719.0,49.04414136405432,20031.0,1.2447490927751916,-1.0389795237253863,11,1890.36,57.83,16.95,0.347,88.49,93.64,19.63,67.25333333333333,,2.7,18.2,,,,,,,,,,63.4,63.0,54.1,38.2,50.1,4.6,95.3,24.299999999999997,74.6,11.92,6.88,26222.0,17.8,54.8,44.7,44.9,10.4,17.8,59.4,22.8,12.5,29.6,57.9,43.647132452676196,,42.103818027932064
Papua Barat Daya,urban,34657.0,30845.0,97677.0,83946.0,86104.0,51164.0,300447.0,27.940368850412884,-2158.0,0.9749372851435474,-2.5790508183832466,26,1890.36,57.83,16.95,0.347,88.49,93.64,19.63,67.25333333333333,,2.7,18.2,,,,,,,,,,63.4,63.0,54.1,38.2,50.1,4.6,95.3,24.299999999999997,74.6,11.92,6.88,26222.0,17.8,54.8,44.7,44.9,10.4,17.8,59.4,22.8,12.5,29.6,57.9,36.04205348299707,,42.103818027932064
Papua Pegunungan,rural,41523.0,10143.0,38309.0,70367.0,179464.0,33923.0,303362.0,23.195719964926393,-109097.0,0.39209535059956313,-3.311140165134225,33,2190.07,39.89,29.66,0.346,12.15,31.66,2.31,15.373333333333337,,1.5,10.0,,,,,,,,,,80.6,84.6,77.1,64.8,65.6,3.5,96.0,15.5,83.7,14.73,11.68,27340.0,13.9,57.0,10.6,29.8,59.6,15.6,36.0,48.3,12.1,22.8,65.1,72.46691791590068,,38.51069404156714
Papua Pegunungan,total,41958.0,101937.0,4792.0,74607.0,177535.0,3466.0,329688.0,22.62957705466987,-102928.0,0.4202382628777424,-3.418995536611846,35,2190.07,39.89,29.66,0.346,12.15,31.66,2.31,15.373333333333337,,1.5,10.0,,,,,,,,,,80.6,84.6,77.1,64.8,65.6,3.5,96.0,15.5,83.7,14.73,11.68,27340.0,13.9,57.0,10.6,29.8,59.6,15.6,36.0,48.3,12.1,22.8,65.1,72.26289934349417,,38.51069404156714
Papua Pegunungan,urban,47694.0,108635.0,174873.0,13061.0,152055.0,44388.0,527645.0,2.47533853253608,-138994.0,0.08589655059024695,-39.39851466197075,38,2190.07,39.89,29.66,0.346,12.15,31.66,2.31,15.373333333333337,,1.5,10.0,,,,,,,,,,80.6,84.6,77.1,64.8,65.6,3.5,96.0,15.5,83.7,14.73,11.68,27340.0,13.9,57.0,10.6,29.8,59.6,15.6,36.0,48.3,12.1,22.8,65.1,64.99999999999999,,38.51069404156714
Papua Selatan,rural,37587.0,46452.0,83398.0,99195.0,65768.0,22556.0,255761.0,38.784255613639296,33427.0,1.5082562948546405,-1.578365845052674,21,1790.62,51.57,19.35,0.424,65.71,73.69,17.0,52.133333333333326,,4.8,24.9,,,,,,,,,,81.3,60.1,70.8,50.8,50.1,7.3,91.5,29.9,68.6,12.4,9.21,23728.0,28.5,44.5,25.0,60.2,14.8,8.4,58.7,32.9,7.7,30.0,62.3,49.04720652947854,,62.890600005150745
Papua Selatan,total,42236.0,56657.0,92522.0,101758.0,70685.0,36708.0,298808.0,34.054643784637626,31073.0,1.4395982174435877,-1.9364570844552762,12,1790.62,51.57,19.35,0.424,65.71,73.69,17.0,52.133333333333326,,4.8,24.9,,,,,,,,,,81.3,60.1,70.8,50.8,50.1,7.3,91.5,29.9,68.6,12.4,9.21,23728.0,28.5,44.5,25.0,60.2,14.8,8.4,58.7,32.9,7.7,30.0,62.3,47.34281593143565,,62.890600005150745
Papua Selatan,urban,5036.0,74488.0,108466.0,106237.0,79277.0,61437.0,328704.0,32.31995959890966,26960.0,1.3400734134742738,-2.0940632736240667,8,1790.62,51.57,19.35,0.424,65.71,73.69,17.0,52.133333333333326,,4.8,24.9,,,,,,,,,,81.3,60.1,70.8,50.8,50.1,7.3,91.5,29.9,68.6,12.4,9.21,23728.0,28.5,44.5,25.0,60.2,14.8,8.4,58.7,32.9,7.7,30.0,62.3,46.71769498628772,,62.890600005150745
Papua Tengah,rural,32631.0,120679.0,56559.0,66232.0,169796.0,35423.0,415088.0,15.956134602783024,-103564.0,0.39006808169803764,-5.267182026814833,34,1696.02,43.48,27.6,0.355,36.08,48.19,7.88,30.716666666666665,,2.7,10.3,,,,,,,,,,83.7,82.1,80.3,76.2,81.1,3.8,96.0,17.200000000000003,81.5,17.33,10.54,25072.0,12.9,60.5,15.1,42.2,42.7,12.9,50.5,36.6,10.1,33.8,56.1,61.24287519619385,,36.08044879786014
Papua Tengah,total,34781.0,10497.0,68154.0,81098.0,15348.0,38572.0,167352.0,48.45953439456953,65750.0,5.283945790982538,-1.0635774001824954,31,1696.02,43.48,27.6,0.355,36.08,48.19,7.88,30.716666666666665,,2.7,10.3,,,,,,,,,,83.7,82.1,80.3,76.2,81.1,3.8,96.0,17.200000000000003,81.5,17.33,10.54,25072.0,12.9,60.5,15.1,42.2,42.7,12.9,50.5,36.6,10.1,33.8,56.1,72.95599056643415,,36.08044879786014
Papua Tengah,urban,41441.0,56318.0,104065.0,127143.0,102947.0,43825.0,348596.0,36.47287978060562,24196.0,1.2350335609585514,-1.7417632115020096,2,1696.02,43.48,27.6,0.355,36.08,48.19,7.88,30.716666666666665,,2.7,10.3,,,,,,,,,,83.7,82.1,80.3,76.2,81.1,3.8,96.0,17.200000000000003,81.5,17.33,10.54,25072.0,12.9,60.5,15.1,42.2,42.7,12.9,50.5,36.6,10.1,33.8,56.1,68.63640955964787,,36.08044879786014
Riau,rural,33415.0,32708.0,,132310.0,92421.0,34832.0,193376.0,68.4211070660268,39889.0,1.4316010430529857,-0.4615372987680447,3,2017.1,59.16,6.36,0.306,94.16,97.75,17.98,69.96333333333332,6728.1,2.2,20.9,86.8,30.3,56.5,57.3,35.6,79.1,13.6,12.4,8.1,75.8,62.3,61.1,52.9,46.6,3.0,96.7,24.799999999999997,73.5,15.4,11.19,21056.0,17.3,63.8,10.9,75.7,13.3,14.7,78.8,6.5,6.3,27.9,65.9,37.17533419940772,36.744154295169515,46.141594840590436
Riau,total,36438.0,35590.0,,122449.0,88929.0,40448.0,201405.0,60.797398277103355,33520.0,1.376929910377942,-0.6448072258654624,3,2017.1,59.16,6.36,0.306,94.16,97.75,17.98,69.96333333333332,6728.1,2.2,20.9,86.8,30.3,56.5,57.3,35.6,79.1,13.6,12.4,8.1,75.8,62.3,61.1,52.9,46.6,3.0,96.7,24.799999999999997,73.5,15.4,11.19,21056.0,17.3,63.8,10.9,75.7,13.3,14.7,78.8,6.5,6.3,27.9,65.9,34.428009883619055,35.09575970569632,46.141594840590436
Riau,urban,40926.0,39869.0,,107812.0,83745.0,48782.0,213322.0,50.53955991412044,24067.0,1.287384321452027,-0.9786480169183394,6,2017.1,59.16,6.36,0.306,94.16,97.75,17.98,69.96333333333332,6728.1,2.2,20.9,86.8,30.3,56.5,57.3,35.6,79.1,13.6,12.4,8.1,75.8,62.3,61.1,52.9,46.6,3.0,96.7,24.799999999999997,73.5,15.4,11.19,21056.0,17.3,63.8,10.9,75.7,13.3,14.7,78.8,6.5,6.3,27.9,65.9,30.731435218674076,32.87781490672933,46.141594840590436
Sulawesi Barat,rural,33592.0,11015.0,,87683.0,37214.0,19173.0,100994.0,86.82000910945204,50469.0,2.3561831568764444,-0.151808218240708,25,2068.7,60.03,10.71,0.33,89.67,94.95,13.98,66.2,1503.2,3.2,20.1,94.6,32.6,63.5,59.4,41.2,77.6,30.4,23.1,,67.1,54.9,57.7,38.0,44.9,4.800000000000001,94.7,23.4,75.0,15.86,11.72,19644.0,15.7,58.4,48.4,41.9,9.7,13.3,70.2,16.5,5.8,27.2,67.0,48.11528041697134,44.41481464916521,54.780693573651064
Sulawesi Barat,total,37037.0,11769.0,,88088.0,38302.0,21606.0,108714.0,81.02728259469801,49786.0,2.299827685238369,-0.2341522114249387,24,2068.7,60.03,10.71,0.33,89.67,94.95,13.98,66.2,1503.2,3.2,20.1,94.6,32.6,63.5,59.4,41.2,77.6,30.4,23.1,,67.1,54.9,57.7,38.0,44.9,4.800000000000001,94.7,23.4,75.0,15.86,11.72,19644.0,15.7,58.4,48.4,41.9,9.7,13.3,70.2,16.5,5.8,27.2,67.0,46.02777958905149,43.1623141524133,54.780693573651064
Sulawesi Barat,urban,50589.0,14735.0,,89678.0,42584.0,31180.0,139088.0,64.47572759691707,47094.0,2.1059083223746007,-0.5509712527041192,18,2068.7,60.03,10.71,0.33,89.67,94.95,13.98,66.2,1503.2,3.2,20.1,94.6,32.6,63.5,59.4,41.2,77.6,30.4,23.1,,67.1,54.9,57.7,38.0,44.9,4.800000000000001,94.7,23.4,75.0,15.86,11.72,19644.0,15.7,58.4,48.4,41.9,9.7,13.3,70.2,16.5,5.8,27.2,67.0,40.063164364558084,39.583545017717256,54.780693573651064
Sulawesi Selatan,rural,40179.0,16259.0,,84234.0,35544.0,25328.0,117310.0,71.80462023697895,48690.0,2.3698514517218094,-0.3926680437827956,29,2063.99,63.63,7.77,0.36,92.18,96.67,22.13,70.32666666666667,9463.4,4.6,20.6,89.3,30.7,48.6,57.9,28.9,72.8,27.4,20.0,9.1,68.0,52.6,57.2,39.7,46.0,6.5,92.1,23.6,4.0,13.96,9.52,22076.0,19.9,55.6,48.7,43.6,7.8,18.9,68.4,12.7,8.2,28.0,63.7,36.45895130733538,37.88092769946975,47.69075232937766
Sulawesi Selatan,total,44077.0,20362.0,,82051.0,40379.0,31314.0,136132.0,60.27311726853348,41672.0,2.032021595383739,-0.6591144532059329,28,2063.99,63.63,7.77,0.36,92.18,96.67,22.13,70.32666666666667,9463.4,4.6,20.6,89.3,30.7,48.6,57.9,28.9,72.8,27.4,20.0,9.1,68.0,52.6,57.2,39.7,46.0,6.5,92.1,23.6,4.0,13.96,9.52,22076.0,19.9,55.6,48.7,43.6,7.8,18.9,68.4,12.7,8.2,28.0,63.7,32.30339141123485,35.38759176180943,47.69075232937766
Sulawesi Selatan,urban,48418.0,24933.0,,79620.0,45764.0,37981.0,157096.0,50.68238529306921,33856.0,1.7397954724237392,-0.9730720924390857,30,2063.99,63.63,7.77,0.36,92.18,96.67,22.13,70.32666666666667,9463.4,4.6,20.6,89.3,30.7,48.6,57.9,28.9,72.8,27.4,20.0,9.1,68.0,52.6,57.2,39.7,46.0,6.5,92.1,23.6,4.0,13.96,9.52,22076.0,19.9,55.6,48.7,43.6,7.8,18.9,68.4,12.7,8.2,28.0,63.7,28.847219108236168,33.313888380010226,47.69075232937766
Sulawesi Tengah,rural,37151.0,17041.0,,102090.0,47488.0,23840.0,125520.0,81.33365200764818,54602.0,2.1498062668463613,-0.2295033793711431,17,2032.8,60.58,11.04,0.309,87.94,93.4,16.28,65.87333333333333,3121.8,4.2,23.1,92.0,37.1,45.6,51.9,27.6,71.8,27.2,24.4,12.9,62.4,46.8,47.8,35.4,39.6,7.0,91.8,27.9,69.4,13.55,9.3,21447.0,21.4,57.6,37.7,53.0,9.2,13.2,71.7,15.0,6.6,29.8,63.6,46.06614441945523,44.50608576922878,57.5301368150254
Sulawesi Tengah,total,39985.0,18499.0,,96331.0,49269.0,27608.0,135361.0,71.16599315903399,47062.0,1.9552050985406646,-0.4051655230403505,18,2032.8,60.58,11.04,0.309,87.94,93.4,16.28,65.87333333333333,3121.8,4.2,23.1,92.0,37.1,45.6,51.9,27.6,71.8,27.2,24.4,12.9,62.4,46.8,47.8,35.4,39.6,7.0,91.8,27.9,69.4,13.55,9.3,21447.0,21.4,57.6,37.7,53.0,9.2,13.2,71.7,15.0,6.6,29.8,63.6,42.40206737207024,42.30763954079779,57.5301368150254
Sulawesi Tengah,urban,45713.0,21447.0,,84690.0,52868.0,35224.0,155252.0,54.55002189987891,31822.0,1.6019142014072785,-0.833179832329673,25,2032.8,60.58,11.04,0.309,87.94,93.4,16.28,65.87333333333333,3121.8,4.2,23.1,92.0,37.1,45.6,51.9,27.6,71.8,27.2,24.4,12.9,62.4,46.8,47.8,35.4,39.6,7.0,91.8,27.9,69.4,13.55,9.3,21447.0,21.4,57.6,37.7,53.0,9.2,13.2,71.7,15.0,6.6,29.8,63.6,36.414238726641535,38.714942353540565,57.5301368150254
Sulawesi Tenggara,rural,39480.0,11173.0,,80748.0,37402.0,22871.0,110926.0,72.79447559634352,43346.0,2.1589219827816692,-0.3737306187150146,31,1955.09,60.98,10.63,0.365,91.7,97.23,19.77,69.56666666666668,2793.1,2.0,17.5,92.7,25.8,48.9,56.4,30.0,73.5,30.0,23.9,,71.1,65.4,63.7,40.8,44.2,3.2,96.6,21.4,76.7,14.22,9.86,22656.0,15.7,57.2,61.2,32.3,6.5,18.1,66.9,15.0,8.3,31.9,59.7,42.18761733332445,38.15087891101801,44.27741706083134
Sulawesi Tenggara,total,43095.0,12257.0,,77331.0,40294.0,28865.0,124511.0,62.10776557894483,37037.0,1.9191691070630863,-0.6101046152254593,34,1955.09,60.98,10.63,0.365,91.7,97.23,19.77,69.56666666666668,2793.1,2.0,17.5,92.7,25.8,48.9,56.4,30.0,73.5,30.0,23.9,,71.1,65.4,63.7,40.8,44.2,3.2,96.6,21.4,76.7,14.22,9.86,22656.0,15.7,57.2,61.2,32.3,6.5,18.1,66.9,15.0,8.3,31.9,59.7,38.33649196908716,35.840203692475654,44.27741706083134
Sulawesi Tenggara,urban,48777.0,13962.0,,71960.0,44839.0,38288.0,145866.0,49.33294941933007,27121.0,1.6048529182185152,-1.0270428015564201,34,1955.09,60.98,10.63,0.365,91.7,97.23,19.77,69.56666666666668,2793.1,2.0,17.5,92.7,25.8,48.9,56.4,30.0,73.5,30.0,23.9,,71.1,65.4,63.7,40.8,44.2,3.2,96.6,21.4,76.7,14.22,9.86,22656.0,15.7,57.2,61.2,32.3,6.5,18.1,66.9,15.0,8.3,31.9,59.7,33.7328844551129,33.07803918409109,44.27741706083134
Sulawesi Utara,rural,43969.0,22213.0,,91342.0,54041.0,29804.0,150027.0,60.883707599298795,37301.0,1.6902351917988194,-0.642475531518907,23,2011.68,63.62,6.7,0.347,89.31,95.39,17.77,67.49,2701.8,2.9,19.0,86.2,25.2,45.6,55.2,28.7,64.1,21.3,14.3,9.2,75.2,63.8,62.9,53.2,53.5,5.1,94.3,24.5,72.3,12.91,11.36,23447.0,14.9,59.3,48.9,43.1,8.0,11.9,71.0,17.2,9.7,36.4,53.9,31.289557646973854,31.44386413607276,42.8672044767472
Sulawesi Utara,total,47831.0,27133.0,,90091.0,57693.0,35446.0,168103.0,53.5927377857623,32398.0,1.5615585946301977,-0.865924454163013,22,2011.68,63.62,6.7,0.347,89.31,95.39,17.77,67.49,2701.8,2.9,19.0,86.2,25.2,45.6,55.2,28.7,64.1,21.3,14.3,9.2,75.2,63.8,62.9,53.2,53.5,5.1,94.3,24.5,72.3,12.91,11.36,23447.0,14.9,59.3,48.9,43.1,8.0,11.9,71.0,17.2,9.7,36.4,53.9,28.662141095660576,29.86741420528479,42.8672044767472
Sulawesi Utara,urban,50938.0,31090.0,,89084.0,60631.0,39986.0,182645.0,48.77439842317063,28453.0,1.4692813907077238,-1.0502559382156167,19,2011.68,63.62,6.7,0.347,89.31,95.39,17.77,67.49,2701.8,2.9,19.0,86.2,25.2,45.6,55.2,28.7,64.1,21.3,14.3,9.2,75.2,63.8,62.9,53.2,53.5,5.1,94.3,24.5,72.3,12.91,11.36,23447.0,14.9,59.3,48.9,43.1,8.0,11.9,71.0,17.2,9.7,36.4,53.9,26.925776124348623,28.82559522249762,42.8672044767472
Sumatera Barat,rural,30184.0,24577.0,,118155.0,84127.0,27248.0,166136.0,71.11944431068522,34028.0,1.404483697267227,-0.4060852270322881,11,2032.94,57.79,5.42,0.287,91.89,96.36,20.48,69.57666666666667,5836.2,4.3,24.6,90.3,38.3,62.4,61.6,40.7,82.6,23.7,17.6,9.4,73.4,59.8,59.0,50.3,50.6,7.1,92.0,28.5,68.8,15.36,10.31,19848.0,28.0,54.8,12.4,78.5,9.2,12.3,80.3,7.4,7.5,25.9,66.7,38.26244564426662,41.665603977323165,61.552420170904675
Sumatera Barat,total,37119.0,28625.0,,112394.0,85076.0,33763.0,184583.0,60.89076458828819,27318.0,1.3211011331045184,-0.642285175365233,9,2032.94,57.79,5.42,0.287,91.89,96.36,20.48,69.57666666666667,5836.2,4.3,24.6,90.3,38.3,62.4,61.6,40.7,82.6,23.7,17.6,9.4,73.4,59.8,59.0,50.3,50.6,7.1,92.0,28.5,68.8,15.36,10.31,19848.0,28.0,54.8,12.4,78.5,9.2,12.3,80.3,7.4,7.5,25.9,66.7,34.57637875768974,39.45396384537703,61.552420170904675
Sumatera Barat,urban,43798.0,32525.0,,106844.0,85989.0,40039.0,202351.0,52.801320477783655,20855.0,1.2425310214097152,-0.8938920295009547,7,2032.94,57.79,5.42,0.287,91.89,96.36,20.48,69.57666666666667,5836.2,4.3,24.6,90.3,38.3,62.4,61.6,40.7,82.6,23.7,17.6,9.4,73.4,59.8,59.0,50.3,50.6,7.1,92.0,28.5,68.8,15.36,10.31,19848.0,28.0,54.8,12.4,78.5,9.2,12.3,80.3,7.4,7.5,25.9,66.7,31.661219335769996,37.70486819222519,61.552420170904675
Sumatera Selatan,rural,42804.0,27842.0,,97611.0,66258.0,33258.0,170162.0,57.363571185105954,31353.0,1.4731956895771077,-0.7432666400303245,22,2196.16,66.43,10.51,0.331,90.94,95.33,14.93,67.06666666666666,8837.3,3.0,22.1,90.1,27.7,59.7,52.9,31.3,81.4,20.3,15.4,9.7,70.0,62.1,56.6,45.5,47.9,5.2,94.5,26.3,72.2,13.04,9.71,19010.0,17.9,61.9,11.6,74.9,13.5,15.7,77.6,6.8,7.3,30.5,62.2,32.4412438710248,36.38263799311321,50.833368281249406
Sumatera Selatan,total,46320.0,32481.0,,91223.0,65577.0,40611.0,184989.0,49.31266183394688,25646.0,1.3910822391997195,-1.0278767416112164,21,2196.16,66.43,10.51,0.331,90.94,95.33,14.93,67.06666666666666,8837.3,3.0,22.1,90.1,27.7,59.7,52.9,31.3,81.4,20.3,15.4,9.7,70.0,62.1,56.6,45.5,47.9,5.2,94.5,26.3,72.2,13.04,9.71,19010.0,17.9,61.9,11.6,74.9,13.5,15.7,77.6,6.8,7.3,30.5,62.2,29.539971060501692,34.64187430679934,50.833368281249406
Sumatera Selatan,urban,52061.0,40056.0,,80791.0,64467.0,52618.0,209202.0,38.618655653387634,16324.0,1.2532148230877813,-1.5894220890940822,29,2196.16,66.43,10.51,0.331,90.94,95.33,14.93,67.06666666666666,8837.3,3.0,22.1,90.1,27.7,59.7,52.9,31.3,81.4,20.3,15.4,9.7,70.0,62.1,56.6,45.5,47.9,5.2,94.5,26.3,72.2,13.04,9.71,19010.0,17.9,61.9,11.6,74.9,13.5,15.7,77.6,6.8,7.3,30.5,62.2,25.686216408208168,32.32962151542323,50.833368281249406
Sumatera Utara,rural,25357.0,26890.0,,113486.0,67506.0,31033.0,150786.0,75.26295544679215,45980.0,1.681124640772672,-0.32867490263116156,12,2041.63,62.11,7.19,0.306,92.3,96.48,15.35,68.04333333333334,15588.5,1.8,18.7,86.8,24.7,65.8,53.6,40.9,83.6,18.9,13.2,7.9,75.1,63.6,58.3,55.7,51.5,3.7,95.6,23.2,74.7,13.52,9.5,21320.0,12.4,61.7,16.9,68.3,14.9,14.0,76.3,9.7,7.4,28.6,64.0,38.18912318636853,39.843207079918926,45.35731010542
Sumatera Utara,total,30923.0,29170.0,,99929.0,71480.0,38235.0,169808.0,58.84822858758126,28449.0,1.39799944040291,-0.6992864934103213,13,2041.63,62.11,7.19,0.306,92.3,96.48,15.35,68.04333333333334,15588.5,1.8,18.7,86.8,24.7,65.8,53.6,40.9,83.6,18.9,13.2,7.9,75.1,63.6,58.3,55.7,51.5,3.7,95.6,23.2,74.7,13.52,9.5,21320.0,12.4,61.7,16.9,68.3,14.9,14.0,76.3,9.7,7.4,28.6,64.0,32.27381615065639,36.29402285849163,45.35731010542
Sumatera Utara,urban,35079.0,30872.0,,89807.0,74447.0,43612.0,184010.0,48.8054997011032,15360.0,1.2063212755383024,-1.048949413742804,16,2041.63,62.11,7.19,0.306,92.3,96.48,15.35,68.04333333333334,15588.5,1.8,18.7,86.8,24.7,65.8,53.6,40.9,83.6,18.9,13.2,7.9,75.1,63.6,58.3,55.7,51.5,3.7,95.6,23.2,74.7,13.52,9.5,21320.0,12.4,61.7,16.9,68.3,14.9,14.0,76.3,9.7,7.4,28.6,64.0,28.65475959556064,34.12258892543419,45.35731010542
Yogyakarta,rural,32568.0,26758.0,,65789.0,56662.0,37237.0,153225.0,42.93620492739436,9127.0,1.161077971127034,-1.3290367690647373,35,2015.51,62.32,10.4,0.428,89.5,90.93,31.55,70.66000000000001,3759.5,4.7,19.2,67.0,24.3,77.6,79.6,64.1,88.3,18.0,13.4,7.1,70.0,42.6,47.5,43.3,44.8,10.0,86.6,24.299999999999997,68.9,10.98,7.73,18086.0,24.5,49.3,4.0,59.7,36.3,20.7,71.2,8.1,13.1,22.7,64.2,30.10038918810575,34.60919962256699,55.36880210296857
Yogyakarta,total,44359.0,35913.0,,69868.0,55161.0,48617.0,184050.0,37.961423526215704,14707.0,1.266619531915665,-1.6342531631075743,36,2015.51,62.32,10.4,0.428,89.5,90.93,31.55,70.66000000000001,3759.5,4.7,19.2,67.0,24.3,77.6,79.6,64.1,88.3,18.0,13.4,7.1,70.0,42.6,47.5,43.3,44.8,10.0,86.6,24.299999999999997,68.9,10.98,7.73,18086.0,24.5,49.3,4.0,59.7,36.3,20.7,71.2,8.1,13.1,22.7,64.2,28.30764784821503,33.53355481863255,55.36880210296857
Yogyakarta,urban,48196.0,38892.0,,71195.0,54673.0,52320.0,194081.0,36.68313745291914,16522.0,1.30219669672416,-1.7260481775405576,35,2015.51,62.32,10.4,0.428,89.5,90.93,31.55,70.66000000000001,3759.5,4.7,19.2,67.0,24.3,77.6,79.6,64.1,88.3,18.0,13.4,7.1,70.0,42.6,47.5,43.3,44.8,10.0,86.6,24.299999999999997,68.9,10.98,7.73,18086.0,24.5,49.3,4.0,59.7,36.3,20.7,71.2,8.1,13.1,22.7,64.2,27.846997197864365,33.25716442842216,55.36880210296857
